timestamp,temperature,humidity
2026-09-30 12:33:20,24.0,45.01
2026-09-30 12:33:22,24.01,45.01
2026-09-30 12:33:24,24.0,45.0
2026-09-30 12:33:26,24.0,45.03
2026-09-30 12:33:28,24.0,45.05
2026-09-30 12:33:30,24.01,45.07
2026-09-30 12:33:32,24.02,45.09
2026-09-30 12:33:34,24.03,45.14
2026-09-30 12:33:36,24.03,45.16
2026-09-30 12:33:38,24.03,45.2
2026-09-30 12:33:40,24.04,45.24
2026-09-30 12:33:42,24.04,45.29
2026-09-30 12:33:44,24.04,45.35
2026-09-30 12:33:46,24.05,45.43
2026-09-30 12:33:48,24.07,45.48
2026-09-30 12:33:50,24.08,45.55
2026-09-30 12:33:52,24.08,45.59
2026-09-30 12:33:54,24.08,45.6
2026-09-30 12:33:56,24.07,45.64
2026-09-30 12:33:58,24.06,45.68
2026-09-30 12:34:00,24.07,45.72
2026-09-30 12:34:02,24.08,45.74
2026-09-30 12:34:04,24.09,45.74
2026-09-30 12:34:06,24.09,45.73
2026-09-30 12:34:08,24.09,45.73
2026-09-30 12:34:10,24.09,45.73
2026-09-30 12:34:12,24.09,45.72
2026-09-30 12:34:14,24.09,45.74
2026-09-30 12:34:16,24.08,45.75
2026-09-30 12:34:18,24.07,45.73
2026-09-30 12:34:20,24.06,45.73
2026-09-30 12:34:22,24.05,45.74
2026-09-30 12:34:24,24.03,45.73
2026-09-30 12:34:26,24.02,45.73
2026-09-30 12:34:28,24.01,45.75
2026-09-30 12:34:30,24.0,45.77
2026-09-30 12:34:32,24.0,45.8
2026-09-30 12:34:34,24.01,45.86
2026-09-30 12:34:36,24.02,45.93
2026-09-30 12:34:38,24.04,46.0
2026-09-30 12:34:40,24.05,46.08
2026-09-30 12:34:42,24.05,46.13
2026-09-30 12:34:44,24.06,46.2
2026-09-30 12:34:46,24.07,46.29
2026-09-30 12:34:48,24.07,46.37
2026-09-30 12:34:50,24.06,46.47
2026-09-30 12:34:52,24.05,46.58
2026-09-30 12:34:54,24.04,46.68
2026-09-30 12:34:56,24.03,46.77
2026-09-30 12:34:58,24.02,46.82
2026-09-30 12:35:00,24.01,46.87
2026-09-30 12:35:02,24.0,46.94
2026-09-30 12:35:04,23.98,46.99
2026-09-30 12:35:06,23.96,47.05
2026-09-30 12:35:08,23.96,47.11
2026-09-30 12:35:10,23.95,47.17
2026-09-30 12:35:12,23.94,47.24
2026-09-30 12:35:14,23.94,47.28
2026-09-30 12:35:16,23.93,47.32
2026-09-30 12:35:18,23.91,47.37
2026-09-30 12:35:20,23.9,47.39
2026-09-30 12:35:22,23.89,47.38
2026-09-30 12:35:24,23.9,47.35
2026-09-30 12:35:26,23.9,47.31
2026-09-30 12:35:28,23.92,47.29
2026-09-30 12:35:30,23.93,47.3
2026-09-30 12:35:32,23.93,47.3
2026-09-30 12:35:34,23.95,47.28
2026-09-30 12:35:36,23.95,47.26
2026-09-30 12:35:38,23.95,47.26
2026-09-30 12:35:40,23.96,47.24
2026-09-30 12:35:42,23.96,47.2
2026-09-30 12:35:44,23.96,47.15
2026-09-30 12:35:46,23.96,47.12
2026-09-30 12:35:48,23.97,47.1
2026-09-30 12:35:50,23.96,47.08
2026-09-30 12:35:52,23.96,47.06
2026-09-30 12:35:54,23.95,47.03
2026-09-30 12:35:56,23.95,46.99
2026-09-30 12:35:58,23.95,46.97
2026-09-30 12:36:00,23.95,46.96
2026-09-30 17:19:33,24.01,45.0
2026-09-30 17:19:35,24.01,45.0
2026-09-30 17:19:37,24.02,44.97
2026-09-30 17:19:39,24.03,44.92
2026-09-30 17:19:41,24.04,44.86
2026-09-30 17:19:43,24.06,44.83
2026-09-30 17:19:45,24.07,44.78
2026-09-30 17:19:47,24.09,44.76
2026-09-30 17:19:49,24.11,44.75
2026-09-30 17:19:51,24.13,44.74
2026-09-30 17:19:53,24.14,44.71
2026-09-30 17:19:55,24.15,44.7
2026-09-30 17:19:57,24.16,44.69
2026-09-30 17:19:59,24.18,44.7
2026-09-30 17:20:01,24.2,44.74
2026-09-30 17:20:03,24.21,44.76
2026-09-30 17:20:05,24.22,44.78
2026-09-30 17:20:07,24.23,44.77
2026-09-30 17:20:09,24.24,44.78
2026-09-30 17:20:11,24.25,44.79
2026-09-30 17:20:13,24.27,44.78
2026-09-30 17:20:15,24.28,44.78
2026-09-30 17:20:17,24.29,44.77
2026-09-30 17:20:19,24.28,44.77
2026-09-30 17:20:21,24.27,44.76
2026-09-30 17:20:23,24.26,44.75
2026-09-30 17:20:25,24.24,44.72
2026-09-30 17:20:27,24.22,44.71
2026-09-30 17:20:29,24.21,44.68
2026-09-30 17:20:31,24.2,44.63
2026-09-30 17:20:33,24.18,44.58
2026-09-30 17:20:35,24.16,44.51
2026-09-30 17:20:37,24.15,44.48
2026-09-30 17:20:39,24.14,44.43
2026-09-30 17:20:41,24.13,44.38
2026-09-30 17:20:43,24.12,44.34
2026-09-30 17:20:45,24.11,44.31
2026-09-30 17:23:34,24.01,45.01
2026-09-30 17:23:34,24.01,45.01
2026-09-30 17:23:36,24.0,45.02
2026-09-30 17:23:36,24.0,45.02
2026-09-30 17:23:38,24.0,45.05
2026-09-30 17:23:38,24.0,45.05
2026-09-30 17:23:40,24.0,45.06
2026-09-30 17:23:40,24.0,45.06
2026-09-30 17:23:42,24.0,45.09
2026-09-30 17:23:42,24.0,45.09
2026-09-30 17:23:44,24.01,45.1
2026-09-30 17:23:44,24.01,45.1
2026-09-30 17:23:46,24.03,45.08
2026-09-30 17:23:46,24.03,45.08
2026-09-30 17:23:48,24.05,45.09
2026-09-30 17:23:48,24.05,45.09
2026-09-30 17:23:50,24.08,45.09
2026-09-30 17:23:50,24.08,45.09
2026-09-30 17:23:52,24.09,45.09
2026-09-30 17:23:52,24.09,45.09
2026-09-30 17:23:54,24.11,45.05
2026-09-30 17:23:54,24.11,45.05
2026-09-30 17:23:56,24.12,45.0
2026-09-30 17:23:56,24.12,45.0
2026-09-30 17:23:58,24.14,44.98
2026-09-30 17:23:58,24.14,44.98
2026-09-30 17:24:00,24.14,44.94
2026-09-30 17:24:00,24.14,44.94
2026-09-30 17:24:02,24.15,44.93
2026-09-30 17:24:02,24.15,44.93
2026-09-30 17:24:04,24.17,44.94
2026-09-30 17:24:04,24.17,44.94
2026-09-30 17:24:06,24.18,44.98
2026-09-30 17:24:06,24.18,44.98
2026-09-30 17:24:08,24.19,45.04
2026-09-30 17:24:08,24.19,45.04
2026-09-30 17:24:10,24.19,45.11
2026-09-30 17:24:10,24.19,45.11
2026-09-30 17:24:12,24.18,45.17
2026-09-30 17:24:12,24.18,45.17
2026-09-30 17:24:14,24.18,45.21
2026-09-30 17:24:14,24.18,45.21
2026-09-30 17:24:16,24.18,45.25
2026-09-30 17:24:16,24.18,45.25
2026-09-30 17:24:18,24.17,45.31
2026-09-30 17:24:18,24.17,45.31
2026-09-30 17:24:20,24.17,45.35
2026-09-30 17:24:20,24.17,45.35
2026-09-30 17:24:22,24.17,45.43
2026-09-30 17:24:22,24.17,45.43
2026-09-30 17:24:24,24.16,45.46
2026-09-30 17:24:24,24.16,45.46
2026-09-30 17:24:26,24.14,45.52
2026-09-30 17:24:26,24.14,45.52
2026-09-30 17:24:28,24.12,45.57
2026-09-30 17:24:28,24.12,45.57
2026-09-30 17:24:30,24.09,45.59
2026-09-30 17:24:30,24.09,45.59
2026-09-30 17:24:32,24.07,45.64
2026-09-30 17:24:32,24.07,45.64
2026-09-30 17:24:34,24.06,45.71
2026-09-30 17:24:34,24.06,45.71
2026-09-30 17:24:36,24.05,45.75
2026-09-30 17:24:36,24.05,45.75
2026-09-30 17:24:38,24.03,45.81
2026-09-30 17:24:38,24.03,45.81
2026-09-30 17:24:40,24.02,45.86
2026-09-30 17:24:40,24.02,45.86
2026-09-30 17:24:42,24.01,45.89
2026-09-30 17:24:42,24.01,45.89
2026-09-30 17:24:44,24.0,45.89
2026-09-30 17:24:44,24.0,45.89
2026-09-30 17:24:46,23.98,45.87
2026-09-30 17:24:46,23.98,45.87
2026-09-30 17:24:48,23.97,45.85
2026-09-30 17:24:48,23.97,45.85
2026-09-30 17:24:50,23.97,45.82
2026-09-30 17:24:50,23.97,45.82
2026-09-30 17:24:52,23.96,45.81
2026-09-30 17:24:52,23.96,45.81
2026-09-30 17:24:54,23.96,45.82
2026-09-30 17:24:54,23.96,45.82
2026-09-30 17:24:56,23.96,45.81
2026-09-30 17:24:56,23.96,45.81
2026-09-30 17:24:58,23.97,45.82
2026-09-30 17:24:58,23.97,45.82
2026-09-30 17:25:00,23.96,45.86
2026-09-30 17:25:00,23.96,45.86
2026-09-30 17:25:02,23.95,45.87
2026-09-30 17:25:02,23.95,45.87
2026-09-30 17:25:04,23.94,45.86
2026-09-30 17:25:04,23.94,45.86
2026-09-30 17:25:06,23.93,45.82
2026-09-30 17:25:06,23.93,45.82
2026-09-30 17:25:08,23.93,45.76
2026-09-30 17:25:08,23.93,45.76
2026-09-30 17:25:10,23.92,45.72
2026-09-30 17:25:10,23.92,45.72
2026-09-30 17:25:12,23.91,45.67
2026-09-30 17:25:12,23.91,45.67
2026-09-30 17:25:14,23.92,45.6
2026-09-30 17:25:14,23.92,45.6
2026-09-30 17:25:16,23.91,45.53
2026-09-30 17:25:16,23.91,45.53
2026-09-30 17:25:18,23.91,45.46
2026-09-30 17:25:18,23.91,45.46
2026-09-30 17:25:20,23.92,45.42
2026-09-30 17:25:20,23.92,45.42
2026-09-30 17:25:22,23.93,45.39
2026-09-30 17:25:22,23.93,45.39
2026-09-30 17:25:24,23.94,45.35
2026-09-30 17:25:24,23.94,45.35
2026-09-30 17:25:26,23.95,45.29
2026-09-30 17:25:26,23.95,45.29
2026-09-30 17:25:28,23.95,45.21
2026-09-30 17:25:28,23.95,45.21
2026-09-30 17:25:30,23.95,45.17
2026-09-30 17:25:30,23.95,45.17
2026-09-30 17:25:32,23.94,45.1
2026-09-30 17:25:32,23.94,45.1
2026-09-30 17:25:34,23.94,45.06
2026-09-30 17:25:34,23.94,45.06
2026-09-30 17:25:36,23.95,45.03
2026-09-30 17:25:36,23.95,45.03
2026-09-30 17:25:38,23.96,44.99
2026-09-30 17:25:38,23.96,44.99
2026-09-30 17:25:40,23.96,44.94
2026-09-30 17:25:40,23.96,44.94
2026-09-30 17:25:42,23.97,44.93
2026-09-30 17:25:42,23.97,44.93
2026-09-30 17:25:44,23.98,44.92
2026-09-30 17:25:44,23.98,44.92
2026-09-30 17:25:46,23.99,44.94
2026-09-30 17:25:46,23.99,44.94
2026-09-30 17:25:48,23.99,44.94
2026-09-30 17:25:48,23.99,44.94
2026-09-30 17:25:50,24.0,44.97
2026-09-30 17:25:50,24.0,44.97
2026-09-30 17:25:52,24.01,44.97
2026-09-30 17:25:52,24.01,44.97
2026-09-30 17:25:54,24.01,45.01
2026-09-30 17:25:54,24.01,45.01
2026-09-30 17:25:56,24.01,45.01
2026-09-30 17:25:56,24.01,45.01
2026-09-30 17:25:58,24.01,45.03
2026-09-30 17:25:58,24.01,45.03
2026-09-30 17:26:00,24.02,45.06
2026-09-30 17:26:00,24.02,45.06
2026-09-30 17:26:02,24.04,45.09
2026-09-30 17:26:02,24.04,45.09
2026-09-30 17:26:04,24.04,45.09
2026-09-30 17:26:04,24.04,45.09
2026-09-30 17:26:06,24.04,45.12
2026-09-30 17:26:06,24.04,45.12
2026-09-30 17:26:08,24.04,45.15
2026-09-30 17:26:08,24.04,45.15
2026-09-30 17:26:10,24.04,45.16
2026-09-30 17:26:10,24.04,45.16
2026-09-30 17:26:12,24.05,45.18
2026-09-30 17:26:12,24.05,45.18
2026-09-30 17:26:14,24.05,45.21
2026-09-30 17:26:14,24.05,45.21
2026-09-30 17:26:16,24.05,45.21
2026-09-30 17:26:16,24.05,45.21
2026-09-30 17:26:18,24.05,45.19
2026-09-30 17:26:18,24.05,45.19
2026-09-30 17:26:20,24.05,45.15
2026-09-30 17:26:20,24.05,45.15
2026-09-30 17:26:22,24.06,45.1
2026-09-30 17:26:22,24.06,45.1
2026-09-30 17:26:24,24.07,45.07
2026-09-30 17:26:24,24.07,45.07
2026-09-30 17:26:26,24.06,45.07
2026-09-30 17:26:26,24.06,45.07
2026-09-30 17:26:28,24.06,45.06
2026-09-30 17:26:28,24.06,45.06
2026-09-30 17:26:30,24.05,45.07
2026-09-30 17:26:30,24.05,45.07
2026-09-30 17:26:32,24.04,45.1
2026-09-30 17:26:32,24.04,45.1
2026-09-30 17:26:34,24.04,45.13
2026-09-30 17:26:34,24.04,45.13
2026-09-30 17:26:36,24.04,45.17
2026-09-30 17:26:36,24.04,45.17
2026-09-30 17:26:38,24.03,45.2
2026-09-30 17:26:38,24.03,45.2
2026-09-30 17:26:40,24.02,45.26
2026-09-30 17:26:40,24.02,45.26
2026-09-30 17:26:42,24.02,45.28
2026-09-30 17:26:42,24.02,45.28
2026-09-30 17:26:44,24.02,45.33
2026-09-30 17:26:44,24.02,45.33
2026-09-30 17:26:46,24.03,45.39
2026-09-30 17:26:46,24.03,45.39
2026-09-30 17:26:48,24.04,45.44
2026-09-30 17:26:48,24.04,45.44
2026-09-30 17:26:50,24.05,45.49
2026-09-30 17:26:50,24.05,45.49
2026-09-30 17:26:52,24.06,45.57
2026-09-30 17:26:52,24.06,45.57
2026-09-30 17:26:54,24.08,45.62
2026-09-30 17:26:54,24.08,45.62
2026-09-30 17:26:56,24.09,45.63
2026-09-30 17:26:56,24.09,45.63
2026-09-30 17:26:58,24.09,45.66
2026-09-30 17:26:58,24.09,45.66
2026-09-30 17:27:00,24.08,45.69
2026-09-30 17:27:00,24.08,45.69
2026-09-30 17:27:02,24.08,45.7
2026-09-30 17:27:02,24.08,45.7
2026-09-30 17:27:04,24.09,45.74
2026-09-30 17:27:04,24.09,45.74
2026-09-30 17:27:06,24.08,45.8
2026-09-30 17:27:06,24.08,45.8
2026-09-30 17:27:08,24.07,45.84
2026-09-30 17:27:08,24.07,45.84
2026-09-30 17:27:10,24.08,45.87
2026-09-30 17:27:10,24.08,45.87
2026-09-30 17:27:12,24.08,45.92
2026-09-30 17:27:12,24.08,45.92
2026-09-30 17:27:14,24.09,45.94
2026-09-30 17:27:14,24.09,45.94
2026-09-30 17:27:16,24.1,45.99
2026-09-30 17:27:16,24.1,45.99
2026-09-30 17:27:18,24.1,46.05
2026-09-30 17:27:18,24.1,46.05
2026-09-30 17:27:20,24.09,46.09
2026-09-30 17:27:20,24.09,46.09
2026-09-30 17:27:22,24.07,46.11
2026-09-30 17:27:22,24.07,46.11
2026-09-30 17:27:24,24.06,46.1
2026-09-30 17:37:13,24.01,45.0
2026-09-30 17:37:13,24.01,45.0
2026-09-30 17:37:15,24.02,45.01
2026-09-30 17:37:15,24.02,45.01
2026-09-30 17:37:17,24.03,44.99
2026-09-30 17:37:17,24.03,44.99
2026-09-30 17:37:19,24.04,44.95
2026-09-30 17:37:19,24.04,44.95
2026-09-30 17:37:21,24.04,44.94
2026-09-30 17:37:21,24.04,44.94
2026-09-30 17:37:23,24.05,44.91
2026-09-30 17:37:23,24.05,44.91
2026-09-30 17:37:25,24.06,44.91
2026-09-30 17:37:25,24.06,44.91
2026-09-30 17:37:27,24.07,44.93
2026-09-30 17:37:27,24.07,44.93
2026-09-30 17:37:29,24.07,44.94
2026-09-30 17:37:29,24.07,44.94
2026-09-30 17:37:31,24.09,44.92
2026-09-30 17:37:31,24.09,44.92
2026-09-30 17:37:33,24.09,44.88
2026-09-30 17:37:33,24.09,44.88
2026-09-30 17:37:35,24.1,44.86
2026-09-30 17:37:35,24.1,44.86
2026-09-30 17:37:37,24.11,44.81
2026-09-30 17:37:37,24.11,44.81
2026-09-30 17:37:39,24.12,44.75
2026-09-30 17:37:39,24.12,44.75
2026-09-30 17:37:41,24.13,44.7
2026-09-30 17:37:41,24.13,44.7
2026-09-30 17:37:43,24.14,44.65
2026-09-30 17:37:43,24.14,44.65
2026-09-30 17:37:45,24.14,44.63
2026-09-30 17:37:45,24.14,44.63
2026-09-30 17:37:47,24.14,44.62
2026-09-30 17:37:47,24.14,44.62
2026-09-30 17:37:49,24.13,44.59
2026-09-30 17:37:49,24.13,44.59
2026-09-30 17:37:51,24.12,44.56
2026-09-30 17:37:51,24.12,44.56
2026-09-30 17:37:53,24.1,44.51
2026-09-30 17:37:53,24.1,44.51
2026-09-30 17:37:55,24.09,44.48
2026-09-30 17:37:55,24.09,44.48
2026-09-30 17:37:57,24.07,44.48
2026-09-30 17:37:57,24.07,44.48
2026-09-30 17:37:59,24.06,44.5
2026-09-30 17:37:59,24.06,44.5
2026-09-30 17:38:01,24.05,44.5
2026-09-30 17:38:01,24.05,44.5
2026-09-30 17:38:03,24.03,44.48
2026-09-30 17:38:03,24.03,44.48
2026-09-30 17:38:05,24.03,44.44
2026-09-30 17:38:05,24.03,44.44
2026-09-30 17:38:07,24.01,44.41
2026-09-30 17:38:07,24.01,44.41
2026-09-30 17:38:09,24.0,44.37
